,SeriousDlqin2yrs,RevolvingUtilizationOfUnsecuredLines,age,NumberOfTime30-59DaysPastDueNotWorse,DebtRatio,MonthlyIncome,NumberOfOpenCreditLinesAndLoans,NumberOfTimes90DaysLate,NumberRealEstateLoansOrLines,NumberOfTime60-89DaysPastDueNotWorse,NumberOfDependents
count,150000.0,150000.0,150000.0,150000.0,150000.0,120269.0,150000.0,150000.0,150000.0,150000.0,146076.0
mean,0.06684,6.04843805466686,52.295206666666665,0.4210333333333333,353.0050757638672,6670.221237392844,8.45276,0.26597333333333334,1.01824,0.24038666666666667,0.7572222678605657
std,0.24974553092870277,249.75537062543177,14.77186586310081,4.192781272017265,2037.8185231443026,14384.674215282244,5.145950989645247,4.1693037875989925,1.1297709848819713,4.155179420982588,1.1150860714872997
min,0.0,0.0,0.0,0.0,0.0,0.0,0.0,0.0,0.0,0.0,0.0
25%,0.0,0.029867442,41.0,0.0,0.17507383225,3400.0,5.0,0.0,0.0,0.0,0.0
50%,0.0,0.154180737,52.0,0.0,0.366507841,5400.0,8.0,0.0,1.0,0.0,0.0
75%,0.0,0.5590462475,63.0,0.0,0.86825377325,8249.0,11.0,0.0,2.0,0.0,1.0
max,1.0,50708.0,109.0,98.0,329664.0,3008750.0,58.0,98.0,54.0,98.0,20.0
